Traffic,test,ce962a16dab1f05d259c4ff7491443d601c4a352f059b12c3f69990fdc3b9910,0
API,at.exe,220aa3367979d2d69e671c54a16d1308a694da5bdda107c47046ccb892905fe5,0
API,NOTEPAD.exe,7c04a26ca533a1847cc503e1b0dc9b9f899a3c1ffcba34bfcbab29ba462599cb,0
API,at.exe,220aa3367979d2d69e671c54a16d1308a694da5bdda107c47046ccb892905fe5,0
Traffic,test,b1d1e44177c036efe602488449dd53c816c98d2b62c88e371af2efda8b37d837,1
Traffic,test,db677c24e0cf842c837bb2ce025608c93776e4d3ee6594a2ff16b494a4501cd0,1
API,at.exe,220aa3367979d2d69e671c54a16d1308a694da5bdda107c47046ccb892905fe5,0
Traffic,at.exe,573bd5eca181c1af02725f93fe70c2d62957bf9aa6efd6d03d1f06a2de72fbd8,1
Traffic,,3fb2425b8557331d00b46d23cfad9dfa98b06cca92a0c71b3ec5fb3f214ee03d,0
API,at.exe,220aa3367979d2d69e671c54a16d1308a694da5bdda107c47046ccb892905fe5,0
Traffic,at.exe,3fb2425b8557331d00b46d23cfad9dfa98b06cca92a0c71b3ec5fb3f214ee03d,0
Traffic,at.exe,f86b9853f91913dd83ccde6d155884551189c0ca85a83305eee501307b92f9b9,1
API,at.exe,220aa3367979d2d69e671c54a16d1308a694da5bdda107c47046ccb892905fe5,0
Traffic,test.exe,f86b9853f91913dd83ccde6d155884551189c0ca85a83305eee501307b92f9b9,1
API,PIL-1.1.7.win32-py2.7.exe,edab63eac9180105433f2bf9da294fdb6088893903b24b3525021d51450551aa,0
API,PIL-1.1.7.win32-py2.7.exe,edab63eac9180105433f2bf9da294fdb6088893903b24b3525021d51450551aa,0
API,PIL-1.1.7.win32-py2.7.exe,edab63eac9180105433f2bf9da294fdb6088893903b24b3525021d51450551aa,0
API,PIL-1.1.7.win32-py2.7.exe,edab63eac9180105433f2bf9da294fdb6088893903b24b3525021d51450551aa,0
API,PIL-1.1.7.win32-py2.7.exe,edab63eac9180105433f2bf9da294fdb6088893903b24b3525021d51450551aa,0
API,NI License Activator 1.2.exe,d27ab05c608d34626751518a99a56b7a10d22af70c31b3566741b00d282a643c,0
API,NI License Activator 1.2.exe,0f5816e1950373be66ccd8af2c5f3b40f8dd98128645afde61faaf8f4abc0205,0
API,NI License Activator 1.2.exe,04ff8d7aaa4afd025b7bbb97b399f7f6bb7ee5797df868ab2973ae5549474b96,0
API,NI License Activator 1.2.exe,e35256d6bce42fa0293189bc26a73e9233e49a5ed3b9f90dd12ea9993050103e,0
API,NI License Activator 1.2.exe,f681f6c1c9e52746724bb6b5c82985e370db7003d12541e121d754cb7e255e7d,0
API,NI License Activator 1.2.exe,f681f6c1c9e52746724bb6b5c82985e370db7003d12541e121d754cb7e255e7d,0
API,NI License Activator 1.2.exe,f681f6c1c9e52746724bb6b5c82985e370db7003d12541e121d754cb7e255e7d,0
